{
  "accuracy": 0.7467532467532467,
  "precision": 0.6428571428571429,
  "recall": 0.6545454545454545,
  "f1": 0.6486486486486487,
  "roc_auc": 0.8315886134067952
}