{
  "accuracy": 0.7337662337662337,
  "precision": 0.6206896551724138,
  "recall": 0.6545454545454545,
  "f1": 0.6371681415929203,
  "roc_auc": 0.8336088154269972
}